Model,Accuracy,F1,ROC_AUC,Precision,Recall
RandomForest,0.7532467532467533,0.62,0.8077777777777778,0.6739130434782609,0.5740740740740741
XGBoost,0.7662337662337663,0.660377358490566,0.8288888888888889,0.6730769230769231,0.6481481481481481
ANN,0.7467532467532467,0.6422018348623854,0.8155555555555556,0.6363636363636364,0.6481481481481481
